Data set,Citing Policy Documents
Entity,"My Publication Set - 11 August 2026"
Year range,1996 to >2026
Subject classification,"ASJC"
Filtered by,"not filtered"
Types of publications included,all publication types
Self-citations,included

Data source,Scopus
Date last updated,5 August 2026
Date exported,12 August 2026

			,Overall,1996,1997,1998,1999,2000,2001,2002,2003,2004,2005,2006,2007,2008,2009,2010,2011,2012,2013,2014,2015,2016,2017,2018,2019,2020,2021,2022,2023,2024,2025,2026,>2026
	Citing Policy Documents,200,0,0,0,0,0,0,0,0,0,0,0,0,0,0,0,0,0,0,0,0,0,0,5,19,23,24,33,26,41,22,7,0

"© 2026 Elsevier B.V. All rights reserved. SciVal, RELX Group and the RE symbol are trade marks of RELX Intellectual Properties SA, used under license."