last_name,first_name,scholar_id,title,author,journal,number,cites,year,cid,pubid,hc_affil
Knapp,Chuck,qA1rXb8AAAAJ,Globally important islands where eradicating invasive mammals will benefit highly threatened vertebrates,"ND Holmes, DR Spatz, S Oppel, B Tershy, DA Croll, B Keitt, P Genovesi, ...",PloS one,"14 (3), e0212128",183,2019,10798833860363263573,ns9cj8rnVeAC,TRUE
Knapp,Chuck,qA1rXb8AAAAJ,Physiological effects of tourism and associated food provisioning in an endangered iguana,"CR Knapp, KN Hines, TT Zachariah, C Perez-Heydrich, JB Iverson, ...",Conservation Physiology,"1 (1), cot032",97,2013,4579595333385260239,isC4tDSrTZIC,TRUE
Knapp,Chuck,qA1rXb8AAAAJ,Quantifying the contribution of zoos and aquariums to peer-reviewed scientific research,"TL Loh, ER Larson, SR David, LS de Souza, R Gericke, M Gryzbek, ...",Facets,"3 (1), 287-299",76,2018,"15999638482949485151,4413133284706907304",iH-uZ7U-co4C,TRUE
Knapp,Chuck,qA1rXb8AAAAJ,Iguana delicatissima,"M Van den Burg, M Breuil, C Knapp",The IUCN Red List of Threatened Species,"10, 2018-1",45,2018,5021688323917168926,k_IJM867U9cC,TRUE
Knapp,Chuck,qA1rXb8AAAAJ,Energetic investment associated with vitellogenesis induces an oxidative cost of reproduction,"AC Webb, JB Iverson, CR Knapp, DF DeNardo, SS French",Journal of Animal Ecology,"88 (3), 461-472",44,2019,8052513921428209165,maZDTaKrznsC,TRUE
Knapp,Chuck,qA1rXb8AAAAJ,Do invasive rodents impact endangered insular iguana populations?,"WK Hayes, JB Iverson, CR Knapp, RL Carter",Biodiversity and Conservation,"21 (7), 1893-1899",44,2012,4960206934794634374,0EnyYjriUFMC,TRUE
Knapp,Chuck,qA1rXb8AAAAJ,"Lesser Antillean Iguana: Iguana delicatissima: Conservation Action Plan, 2014-2016","C Knapp, M Breuil, C Rodrigues, J Iverson",International Union for Conservation of Nature and Natural Resources (IUCN),,32,2014,6684389296542242550,ULOm3_A8WrAC,TRUE
Knapp,Chuck,qA1rXb8AAAAJ,The global need to address threats from invasive alien iguanas,"CR Knapp, TD Grant, SA Pasachnik, B Angin, E Boman, J Brisbane, ...",Animal Conservation,"24 (5), 717-719",31,2021,4750604301558347633,bFI3QPDXJZMC,TRUE
Knapp,Chuck,qA1rXb8AAAAJ,Nassau grouper migration patterns during full moon suggest collapsed historic fish spawning aggregation and evidence of an undocumented aggregation,"K Stump, CP Dahlgren, KD Sherman, CR Knapp",Bulletin of Marine Science,"93 (2), 375-389",31,2017,7081910040496021941,hFOr9nPyWt4C,TRUE
Knapp,Chuck,qA1rXb8AAAAJ,"Movements and nesting of the Lesser Antillean iguana (Iguana delicatissima) from Dominica, West Indies: Implications for conservation","CR Knapp, L Prince, A James",Herpetological Conservation and Biology,"11 (6), 154-167",31,2016,10802719110336727997,7PzlFSSx8tAC,TRUE
Knapp,Chuck,qA1rXb8AAAAJ,Iguana delicatissima,"M Breuil, M Day, C Knapp",The IUCN Red List of threatened species,,29,2010,16178450369058280716,IjCSPb-OGe4C,TRUE
Knapp,Chuck,qA1rXb8AAAAJ,"Phylogeography of the Endangered Lesser Antillean Iguana, Iguana Delicatissima: A Recent Diaspora in an Archipelago Known for Ancient Herpetological …","JL Martin, CR Knapp, GP Gerber, RS Thorpe, ME Welch",Journal of Heredity,"106 (3), 315-321",28,2015,3664187935834990274,Zph67rFs4hoC,TRUE
Knapp,Chuck,qA1rXb8AAAAJ,Inferred vs realized patterns of gene flow: an analysis of population structure in the Andros Island Rock Iguana,"G Colosimo, CR Knapp, LE Wallace, ME Welch",PloS one,"9 (9), e106963",26,2014,15786119402512307487,M3ejUd6NZC8C,TRUE
Knapp,Chuck,qA1rXb8AAAAJ,Complex tourism and season interactions contribute to disparate physiologies in an endangered rock iguana,"SS French, AC Webb, TE Wilcoxen, JB Iverson, DF DeNardo, EL Lewis, ...",Conservation Physiology,"10 (1), coac001",21,2022,13021279403234793423,nb7KW1ujOQ8C,TRUE
Knapp,Chuck,qA1rXb8AAAAJ,"Host sex, size, and hemoparasite infection influence the effects of ectoparasitic burdens on free‐ranging iguanas","CR Knapp, C Perez‐Heydrich, TT Zachariah, J Jollay, AN Schnelle, ...",Ecology and Evolution,"9 (4), 1946-1956",20,2019,1359919933943495691,NMxIlDl6LWMC,TRUE
Knapp,Chuck,qA1rXb8AAAAJ,Using non-conspicuous metrics to examine selected impacts of disturbance on a long-lived reptile,"CR Knapp, C Perez-Heydrich",Endangered Species Research,"17, 193-200",20,2012,5033021477992644198,UebtZRa9Y70C,TRUE
Knapp,Chuck,qA1rXb8AAAAJ,Phylogenomics and historical biogeography of West Indian rock iguanas (genus Cyclura),"RG Reynolds, AH Miller, SA Pasachnik, CR Knapp, ME Welch, ...",Molecular Phylogenetics and Evolution,"174, 107548",18,2022,3131945921628300088,WbkHhVStYXYC,TRUE
Knapp,Chuck,qA1rXb8AAAAJ,Reptile-associated ticks from Dominica and the Bahamas with notes on hyperparasitic erythraeid mites,"LA Durden, CR Knapp, L Beati, S Dold",The Journal of Parasitology,"101 (1), 24-27",17,2015,9276915757292909426,YOwf2qJgpHMC,TRUE
Knapp,Chuck,qA1rXb8AAAAJ,High sugar diet alters immune function and the gut microbiome in juvenile green iguanas (Iguana iguana),"KC Ki, EL Lewis, E Wu, FJ Oliaro, LM Aubry, CR Knapp, KM Kapheim, ...",Journal of Experimental Biology,"227 (13), jeb246981",15,2024,15923783763335603998,LPZeul_q3PIC,TRUE
Knapp,Chuck,qA1rXb8AAAAJ,From pets to threats: Invasive iguanas and other species cause significant harm to native iguanas,"G Perry, CR Knapp, TD Grant, SA Pasachnik, I Coman",Reptiles & Amphibians,"28 (2), 213-217",15,2021,17871983686391292565,NhqRSupF_l8C,TRUE
Knapp,Chuck,qA1rXb8AAAAJ,"Ocular health assessment, tear production, and intraocular pressure in the Andros Island iguana (Cyclura cychlura cychlura)","KB Wojick, LM Naples, CR Knapp",Journal of Zoo and Wildlife Medicine,"44 (1), 116-123",15,2013,13381740649103821704,KlAtU1dfN6UC,TRUE
Knapp,Chuck,qA1rXb8AAAAJ,Cyclura cychlura,"CR Knapp, JB Iverson, S Buckner",The IUCN red list of threatened species,1-10,15,2004,11372157067832605250,GnPB-g6toBAC,TRUE
Knapp,Chuck,qA1rXb8AAAAJ,Iguana delicatissima. Ectoparasitism.,"CR Knapp, LA Durden, H Klompen",Herpetological Review,"43 (1), 134",14,2012,4152592153157268398,fPk4N6BV_jEC,TRUE
Knapp,Chuck,qA1rXb8AAAAJ,Glucose tolerance of iguanas is affected by high-sugar diets in the lab and supplemental feeding by ecotourists in the wild,"SS French, SB Hudson, AC Webb, CR Knapp, EE Virgin, GD Smith, ...",Journal of Experimental Biology,"225 (8), jeb243932",12,2022,7723928131606575762,Tiz5es2fbqcC,TRUE
Knapp,Chuck,qA1rXb8AAAAJ,Advancing freshwater biodiversity conservation by collaborating with public aquaria,"KJ Murchie, CR Knapp, PB McIntyre",Fisheries,"43 (4), 172-178",11,2018,9775847373815881612,r0BpntZqJG4C,TRUE
Knapp,Chuck,qA1rXb8AAAAJ,Correlated population genetic structure in a three-tiered host-parasite system: the potential for coevolution and adaptive divergence,"G Colosimo, AC Jackson, A Benton, A Varela-Stokes, J Iverson, ...",Journal of Heredity,"112 (7), 590-601",10,2021,17331700020489754321,1sJd4Hv_s6UC,TRUE
Knapp,Chuck,qA1rXb8AAAAJ,"Great Lakes Fish Finder App; a tool for biologists, managers and education practitioners","A Happel, KJ Murchie, PW Willink, CR Knapp",Journal of Great Lakes Research,"46 (1), 230-236",9,2020,5617277194341834851,vV6vV6tmYwMC,TRUE
Knapp,Chuck,qA1rXb8AAAAJ,"Influence of morphological, chemical and physical leaf traits on food selection of a herbivorous iguana from The Bahamas","CR Knapp, S Alvarez-Clare",Journal of Tropical Ecology,"32 (1), 75-78",9,2016,7677586444710021937,Wp0gIr-vW9MC,TRUE
Knapp,Chuck,qA1rXb8AAAAJ,"Trafficking of Galápagos iguanas as an example of a global problem: CITES permits, laundering and the role of transit countries in Europe and Africa","M Auliya, V Nijman, S Altherr, WT Aguilera, D Ariano-Sanchéz, JC Cantu, ...",Biological Conservation,"305, 111104",8,2025,9562092022332832817,VOx2b1Wkg3QC,TRUE
Knapp,Chuck,qA1rXb8AAAAJ,Blood chemistry and biliverdin differ according to reproduction and tourism in a free-living lizard,"SS French, EL Lewis, KC Ki, ZE Cullen, AC Webb, CR Knapp, JB Iverson, ...",Journal of Comparative Physiology B,"193 (3), 315-328",8,2023,6750730909246420540,08ZZubdj9fEC,TRUE
Knapp,Chuck,qA1rXb8AAAAJ,The complete mitochondrial genome of the critically endangered Lesser Antillean iguana (Iguana delicatissima; Squamata: Iguanidae),"AH Miller, A C. Jackson, MP van den Burg, CR Knapp, ME Welch, ...",Mitochondrial DNA Part B,"4 (2), 2479-2481",7,2019,10530753019232813057,NaGl4SEjCO4C,TRUE
Knapp,Chuck,qA1rXb8AAAAJ,Biosecurity for humanitarian aid,"MP van den Burg, JC Daltry, B Angin, E Boman, JLK Brisbane, K Collins, ...",Science,"372 (6542), 581-582",6,2021,12052165739707085232,b0M2c_1WBrUC,TRUE
Knapp,Chuck,qA1rXb8AAAAJ,Cyclura cychlura figginsi (Exuma Island Iguana). Rodent kill,"B Luther, C Knapp, D Greene, S Buckner, J Iverson",Herpetological Review,"43 (1), 48",6,2012,4855008652994609798,R3hNpaxXUhUC,TRUE
Knapp,Chuck,qA1rXb8AAAAJ,Lesser Antillean Iguana,"C Knapp, M Breuil, C Rodrigues, I Iverson","Iguana delicatissima: conservation action plan. IUCN, Switzerland",,5,2014,5082191808537122537,HoB7MX3m0LUC,TRUE
Knapp,Chuck,qA1rXb8AAAAJ,"Iguanas: Biology, systematics, and conservation","JB Iverson, TD Grant, CR Knapp, SA Pasachnik",Herpetological Conservation and Biology,11 (6),4,2016,10533149385911543488,70eg2SAEIzsC,TRUE
Knapp,Chuck,qA1rXb8AAAAJ,Evaluating the role of temperature in the reproduction of the yellow stingray (Urobatis jamaicensis),"TC Lesniak, AE Schirmer, CR Knapp",Zoo Biology,"34 (1), 33-39",4,2015,10483715752945564928,_kc_bZDykSQC,TRUE
Knapp,Chuck,qA1rXb8AAAAJ,"Ultrasound evidence of fetal resorption in the yellow stingray, Urobatis jamaicensis (Urotrygonidae)","TC Lesniak, AE Schirmer, CR Knapp",Cybium,"37 (4), 314-316",4,2013,5628486894860595098,kNdYIx-mwKoC,TRUE
Knapp,Chuck,qA1rXb8AAAAJ,Cyclura cychlura,"JB Iverson, S Pasachnik, CR Knapp, SD Buckner",Society for the Study of Amphibians and Reptiles,,4,2006,11278158220759246593,hC7cP41nSMkC,TRUE
Knapp,Chuck,qA1rXb8AAAAJ,The effects of anthropogenic noise on frogs housed on exhibit at a public aquarium,"C Angel, M Romano, CR Knapp",Zoo Biology,"43 (3), 276-286",3,2024,17095067534298094175,geHnlv5EZngC,TRUE
Knapp,Chuck,qA1rXb8AAAAJ,Staying high and dry: A unique nesting strategy for an insular iguana,CR Knapp,Frontiers in Ecology and the Environment,"13 (2), 114-115",3,2015,16223803758347177794,qxL8FJ1GzNcC,TRUE
Knapp,Chuck,qA1rXb8AAAAJ,Varied response of garden eels to potential predators and other large-bodied organisms,"ST Kessel, NA Hinojosa, H Wilson, G Clementi, CR Knapp",Matters,4 (7),2,2018,3048408204610231884,YFjsv_pBGBYC,TRUE
Knapp,Chuck,qA1rXb8AAAAJ,Multi‐Year Assessment of the Effects of Tourism on Physiological Parameters of the Northern Bahamian Rock Iguana (Cyclura cychlura),"EL Lewis, AC Webb, LM Aubry, SB Hudson, DF DeNardo, JB Iverson, ...",Journal of Experimental Zoology Part A: Ecological and Integrative Physiology,,1,2026,16844330259452622198,mvPsJ3kp5DgC,TRUE
Knapp,Chuck,qA1rXb8AAAAJ,Two Centers for Species Survival launch collaborative conservation programmes,"S Alvarez-Clare, K Mileham, JP Rodríguez, CR Knapp",Oryx,"57 (5), 553-553",1,2023,13776312260909106986,4fKUyHm3Qg0C,TRUE
Knapp,Chuck,qA1rXb8AAAAJ,"New records of freshwater mussels (Unionida, Unionidae and Mycetopodidae) from rivers, lakes, and lagoons in El Salvador, with notes on the expansion of invasive mollusc species","JE Barraza, V Melara, Y Quintana, CR Knapp, K Inoue",Check List,"22 (4), 618-629",0,2026,NA,V3AGJWp-ZtQC,TRUE
Knapp,Chuck,qA1rXb8AAAAJ,Reptiles,"N Christensen, J., Galeotti, P., Knapp, C.R., Mathevon",Exploring Animal Behavior Through Sound: Volume,"2, 171-222",0,2025,NA,J-pR_7NvFogC,TRUE
Knapp,Chuck,qA1rXb8AAAAJ,Cyclura cychlura figginsi. Polydactyly,"C Knapp, S.S. French, K. Kapheim, E. Lewis, J. Jollay, F. Oliaro, C. Kwit",Herpetological Review,"53 (1), 131",0,2022,NA,p2g8aNsByqUC,TRUE
Knapp,Chuck,qA1rXb8AAAAJ,Útila spiny-tailed iguana (Ctenosaura bakeri): Conservation Action Plan 2020–2025,"TDG Maryon, D., S.A. Pasachnik, C.R. Knapp, T.W. Brown",,,0,2021,NA,CHSYGLWDkRkC,TRUE
Knapp,Chuck,qA1rXb8AAAAJ,Beyond the walls: Applied field research for the twenty-first-century public aquarium and zoo,CR Knapp,The Ark and Beyond: The Evolution of Zoo and Aquarium Conservation,286-297,0,2018,NA,bEWYMUwI8FkC,TRUE
Knapp,Chuck,qA1rXb8AAAAJ,Inferred vs Realized Patterns of Gene Flow: An Analysis of Population Structure in the Andros Island,"G Colosimo, CR Knapp, LE Wallace, ME Welch",,,0,2014,NA,l7t_Zn2s7bgC,TRUE
Willink,Philip,zuUEUCYAAAAJ,Peces,"M Hidalgo, P Willink","C. Vriesendorp, N. Pitman, J. I. Rojas M., BA Pawlak, L. Rivera C., L …",,25,2006,3216473187747841478,zA6iFVUQeVQC,TRUE
Willink,Philip,zuUEUCYAAAAJ,Range expansions and new drainage records for select Illinois fishes.,"JS Tiemann, CA Taylor, D Wylie, J Lamer, PW Willink, FM Veraldi, ...",Transactions of the Illinois State Academy of Science,"108, 47",21,2015,14236560656513618173,hMod-77fHWUC,TRUE
Willink,Philip,zuUEUCYAAAAJ,"Diets, population structure, and seasonal activity patterns of mudpuppies (Necturus maculosus) in an urban, Great Lakes coastal habitat","AM Beattie, MR Whiles, PW Willink",Journal of Great Lakes Research,"43 (1), 132-143",20,2017,14029295207061552848,dhFuZR0502QC,TRUE
Willink,Philip,zuUEUCYAAAAJ,Diel timing of lake sturgeon (Acipenser fulvescens) activity revealed by satellite tags in the Laurentian Great Lake Basin,"AS Kough, GR Jacobs, D Gorsky, PW Willink",Journal of Great Lakes Research,"44 (1), 157-165",18,2018,11214618815825381117,ZeXyd9-uunAC,TRUE
Willink,Philip,zuUEUCYAAAAJ,Rapid expansion of banded killifish Fundulus diaphanus across northern Illinois: dramatic recovery or invasive species?,"PW Willink, TA Widloe, VJ Santucci Jr, D Makauskas, JS Tiemann, ...",The American Midland Naturalist,179-190,15,2018,1639991801297076519,hC7cP41nSMkC,TRUE
Willink,Philip,zuUEUCYAAAAJ,"Does seawater acidification affect zooxanthellae density and health in the invasive upside‐down jellyfish, Cassiopea spp.?","C Weeks, S Meagher, P Willink, KW McCravy",Invertebrate Biology,"138 (3), e12255",13,2019,1155439626585974579,4JMBOYKVnBMC,TRUE
Willink,Philip,zuUEUCYAAAAJ,Biogeography and distribution of the cryptic species rosyface shiner Notropis rubellus and carmine shiner Notropis percobromus in Illinois,"RJ Scott, PW Willink, BM Norton",Ichthyology & Herpetology,"106 (3), 524-531",1,2018,17356851788243287912,hFOr9nPyWt4C,TRUE
Larson,Eric,bv0ezf0AAAAJ,Environmental DNA (eDNA) detects the invasive rusty crayfish Orconectes rusticus at low abundances,"MM Dougherty, ER Larson, MA Renshaw, CA Gantz, SP Egan, ...",Journal of Applied Ecology,"53 (3), 722-732",302,2016,4269894332220390116,eQOLeE2rZwMC,TRUE
Larson,Eric,bv0ezf0AAAAJ,Environmental DNA (eDNA) detects the invasive crayfishes Orconectes rusticus and Pacifastacus leniusculus in large lakes of North America,"ER Larson, MA Renshaw, C Gantz, J Umek, S Chandra, DM Lodge, ...",Hydrobiologia,800 (1),141,2017,3971331168817554842,Y0pCki6q_DkC,TRUE
Larson,Eric,bv0ezf0AAAAJ,Quantifying the contribution of zoos and aquariums to peer-reviewed scientific research,"TL Loh, ER Larson, SR David, LS de Souza, R Gericke, M Gryzbek, ...",FACETS,"3 (1), 287-299",76,2018,15999638482949485151,bEWYMUwI8FkC,TRUE
Larson,Eric,bv0ezf0AAAAJ,Do invasive rusty crayfish (Orconectes rusticus) decouple littoral and pelagic energy flows in lake food webs?,"TA Kreps, ER Larson, DM Lodge",Freshwater Science,"35 (1), 103-113",48,2016,2098755865585497237,2osOgNQ5qMEC,TRUE
Larson,Eric,bv0ezf0AAAAJ,"Comparison of 13C and 15N discrimination factors and turnover rates between congeneric crayfish Orconectes rusticus and O. virilis (Decapoda, Cambaridae)","MG Glon, ER Larson, KL Pangle",Hydrobiologia,"768 (1), 51-61",39,2016,7955871126484834053,ULOm3_A8WrAC,TRUE
Larson,Eric,bv0ezf0AAAAJ,Historical biogeography of Pacifastacus crayfishes and their branchiobdellidan and entocytherid ectosymbionts in western North America,"ER Larson, BW Williams",Freshwater crayfish: A global overview,404-447,25,2015,9890204926257194567,YOwf2qJgpHMC,TRUE
Dahlgren,Craig,AYVy81IAAAAJ,Census of heat tolerance among Florida's threatened staghorn corals finds resilient individuals throughout existing nursery populations,"R Cunning, KE Parker, K Johnson-Sapp, RF Karp, AD Wen, ...",Proceedings of the Royal Society B: Biological Sciences,"288 (1961), 20211613",103,2021,14910879262571904523,RGFaLdJalmkC,TRUE
Dahlgren,Craig,AYVy81IAAAAJ,"Contemporary and emerging fisheries in The Bahamas—Conservation and management challenges, achievements and future directions","KD Sherman, AD Shultz, CP Dahlgren, C Thomas, E Brooks, A Brooks, ...",Fisheries Management and Ecology,"25 (5), 319-331",81,2018,8012242876189246955,YOwf2qJgpHMC,TRUE
Dahlgren,Craig,AYVy81IAAAAJ,Heat-driven functional extinction of Caribbean Acropora corals from Florida’s Coral Reef,"DP Manzello, R Cunning, RF Karp, AC Baker, E Bartels, R Bonhag, ...",Science,"390 (6771), 361-366",80,2025,16341030196073537543,4OULZ7Gr8RgC,TRUE
Dahlgren,Craig,AYVy81IAAAAJ,"Spatial connectivity and drivers of shark habitat use within a large marine protected area in the Caribbean, The Bahamas Shark Sanctuary","AJ Gallagher, ON Shipley, MPM van Zinnicq Bergmann, ...",Frontiers in Marine Science,"7, 608848",65,2021,8397774730390519995,R3hNpaxXUhUC,TRUE
Dahlgren,Craig,AYVy81IAAAAJ,RAD-Seq Analysis and in situ Monitoring of Nassau Grouper Reveal Fine-Scale Population Structure and Origins of Aggregating Fish,"KD Sherman, JR Paris, RA King, KA Moore, CP Dahlgren, LC Knowles, ...",Frontiers in Marine Science,"7, 157",42,2020,2705543855305250558,Tyk-4Ss8FVUC,TRUE
Dahlgren,Craig,AYVy81IAAAAJ,"Characterization of a thermally tolerant Orbicella faveolata reef in Abaco, The Bahamas","KE Parker, JO Ward, EM Eggleston, E Fedorov, JE Parkinson, ...",Coral Reefs,"39 (3), 675-685",35,2020,18019374311283639426,blknAaTinKkC,TRUE
Dahlgren,Craig,AYVy81IAAAAJ,Historical Processes and Contemporary Anthropogenic Activities Influence Genetic Population Dynamics of Nassau Grouper (Epinephelus striatus) within The …,"KD Sherman, RA King, CP Dahlgren, SD Simpson, JR Stevens, CR Tyler",Frontiers in Marine Science,"4, 393",14,2017,9674175448286396068,Wp0gIr-vW9MC,TRUE
Dahlgren,Craig,AYVy81IAAAAJ,Book review,"AJ Sober, VC Ho",Journal of the American Academy of Dermatology,"21 (3), 598",0,1989,NA,SeFeTyx0c_EC,TRUE
Tewfik,Alex,gCOl8vsAAAAJ,Variation in ghost crab trophic links on sandy beaches,"K Morrow, SS Bell, A Tewfik",Marine Ecology Progress Series,"502, 197-206",33,2014,489173939685435240,ULOm3_A8WrAC,TRUE
Tewfik,Alex,gCOl8vsAAAAJ,Species in wildlife trade: socio-economic factors influence seahorse relative abundance in Thailand,"TL Loh, A Tewfik, L Aylesworth, R Phoonsawat",Biological Conservation,"201, 301-308",14,2016,4334846840773506280,mVmsd5A6BfQC,TRUE
Tewfik,Alex,gCOl8vsAAAAJ,"Ecology of the King Helmet, Cassis tuberosa (L.), in South Caicos","A Tewfik, B Scheuer",Caribbean Naturalist,"2, 1-10",10,2013,2441617759837962074,TQgYirikUcIC,TRUE
Tewfik,Alex,gCOl8vsAAAAJ,The influence of waves on landing patterns within a diverse Sumatran spiny lobster (Panulirus spp.) fishery,A Tewfik,New Zealand Journal of Marine and Freshwater Research,"48 (2), 245-255",9,2014,15376148161307511567,_kc_bZDykSQC,TRUE
Tewfik,Alex,gCOl8vsAAAAJ,Queen conch aquaculture remains a conservation symbol and is not yet a fisheries solution,"A Kough, S Matsuda, R Appeldoorn, E Boman, K Galassini, G Delgado, ...",Oryx,"58 (6), 700-709",3,2024,9423047611027191004,GnPB-g6toBAC,TRUE
Loh,Tse-Lynn,3f0JulwAAAAJ,Chemical defenses and resource trade-offs structure sponge communities on Caribbean coral reefs,"TL Loh, J Pawlik",PNAS,,207,2014,4452292285981460584,YsMSGLbcyi4C,TRUE
Loh,Tse-Lynn,3f0JulwAAAAJ,Indirect effects of overfishing on Caribbean reefs: sponges overgrow reef-building corals,"TL Loh, SE McMurray, TP Henkel, J Vicente, JR Pawlik",PeerJ,"3, e901",167,2015,"13124793604172325227,16944660837837691266",ufrVoPGSRksC,TRUE
Loh,Tse-Lynn,3f0JulwAAAAJ,"Linking land, air and sea: potential impacts of biomass burning and the resultant haze on marine ecosystems of Southeast Asia.","Z Jaafar, TL Loh",Global Change Biology,"20 (9), 2701",39,2014,13313734253531176499,eQOLeE2rZwMC,TRUE
Loh,Tse-Lynn,3f0JulwAAAAJ,"New records of the Japanese seahorse Hippocampus mohnikei in Southeast Asia lead to updates in range, habitat and threats","L Aylesworth, JM Lawson, P Laksanawimol, P Ferber, TL Loh","Journal of Fish Biology, Early View",,26,2016,16881465391853357798,roLk4NBRz8UC,TRUE
Loh,Tse-Lynn,3f0JulwAAAAJ,Seahorses (Hippocampus spp.) as a case study for locating cryptic and data-poor marine fishes for conservation,"L Aylesworth, TL Loh, W Rongrongmuang, ACJ Vincent",Animal Conservation,,14,2017,9464927292439232243,5nxA0vEk-isC,TRUE
Loh,Tse-Lynn,3f0JulwAAAAJ,Turning the tide on bottom trawling,"TL Loh, Z Jaafar",Wiley-Blackwell,,12,2015,7592625961371873277,_FxGoFyzp5QC,TRUE
David,Solomon,haoxpBMAAAAJ,Pattern and scale in latitude–production relationships for freshwater fishes,"AL Rypel, SR David",Ecosphere,"8 (1), e01660",63,2017,7651356768296539656,ULOm3_A8WrAC,TRUE
David,Solomon,haoxpBMAAAAJ,Evidence of countergradient variation in growth of Spotted Gars from core and peripheral populations,"SR David, RS Kik IV, JS Diana, ES Rutherford, MJ Wiley",Transactions of the American Fisheries Society,"144 (4), 837-850",24,2015,14542101641250068706,8k81kl-MbHgC,TRUE
David,Solomon,haoxpBMAAAAJ,Laboratory Estimation of Net Trophic Transfer Efficiencies of PCB Congeners to Lake Trout (Salvelinus namaycush) from Its Prey,"CP Madenjian, RR Rediske, JP O'Keefe, SR David","JoVE (Journal of Visualized Experiments), e",e51496,1,2014,10837607122919697682,UebtZRa9Y70C,TRUE
David,Solomon,haoxpBMAAAAJ,Spotted Gar,SR David,Fisheries,"42 (8), 448-448",0,2017,NA,M3ejUd6NZC8C,TRUE
Kough,Andrew,QzwgKJ0AAAAJ,Biophysical connectivity explains population genetic structure in a highly dispersive marine species,"NK Truelove, AS Kough, DC Behringer, CB Paris, SJ Box, RF Preziosi, ...",Coral Reefs,"36 (1), 233-244",90,2017,5794291265124098093,Tyk-4Ss8FVUC,TRUE
Kough,Andrew,QzwgKJ0AAAAJ,Tiger sharks support the characterization of the world’s largest seagrass ecosystem,"AJ Gallagher, JW Brownscombe, NA Alsudairy, AB Casagrande, C Fu, ...",Nature Communications,"13 (1), 6328",68,2022,5348745809578776656,YOwf2qJgpHMC,TRUE
Kough,Andrew,QzwgKJ0AAAAJ,Relationships between Fishing Pressure and Stock Structure in Queen Conch (Lobatus gigas) Populations: Synthesis of Long-Term Surveys and Evidence for …,"AW Stoner, MH Davis, AS Kough",Reviews in Fisheries Science & Aquaculture,"27 (1), 51-71",58,2019,13866143358461866705,LkGwnXOMwfcC,TRUE
Kough,Andrew,QzwgKJ0AAAAJ,Decadal analysis of larval connectivity from Cuban snapper (Lutjanidae) spawning aggregations based on biophysical modeling,"AS Kough, R Claro, KC Lindeman, CB Paris",Marine Ecology Progress Series,"550, 175-190",56,2016,13844576553815958321,qjMakFHDy7sC,TRUE
Kough,Andrew,QzwgKJ0AAAAJ,Isolation by oceanic distance and spatial genetic structure in an overharvested international fishery,"NK Truelove, SJ Box, KA Aiken, A Blythe‐Mallett, EM Boman, CJ Booker, ...",Diversity and Distributions,"23 (11), 1292-1300",45,2017,2480012918690509593,W7OEmFMy1HYC,TRUE
Kough,Andrew,QzwgKJ0AAAAJ,Efficacy of an established marine protected area at sustaining a queen conch Lobatus gigas population during three decades of monitoring,"AS Kough, H Cronin, R Skubel, CA Belak, AW Stoner",Marine Ecology Progress Series,"573, 177-189",44,2017,8806335222441399509,Y0pCki6q_DkC,TRUE
Kough,Andrew,QzwgKJ0AAAAJ,Climate and season are associated with prevalence and distribution of trans-hemispheric blue crab reovirus (Callinectes sapidus reovirus 1),"M Zhao, DC Behringer, J Bojko, AS Kough, L Plough, ...",Marine Ecology Progress Series,"647, 123-133",28,2020,8472216238433530263,8k81kl-MbHgC,TRUE
Kough,Andrew,QzwgKJ0AAAAJ,Biophysical connectivity of snapper spawning aggregations and marine protected area management alternatives in Cuba,"R Claro, KC Lindeman, AS Kough, CB Paris",Fisheries oceanography,"28 (1), 33-42",17,2019,7420558016112410861,_FxGoFyzp5QC,TRUE
Kough,Andrew,QzwgKJ0AAAAJ,A Review of American Lobster (Homarus americanus) Research Since 2000,"JS Goldstein, BC Gutzler, AS Kough, JT Carloni, AM Dayton, ...",Reviews in Fisheries Science & Aquaculture,"34 (1), 1-56",14,2026,17639294772455696371,Wp0gIr-vW9MC,TRUE
Kough,Andrew,QzwgKJ0AAAAJ,"Spatial dependency in abundance of Queen conch, Aliger gigas, in the Caribbean, indicates the importance of surveying deep‐water distributions","EM Boman, M De Graaf, AS Kough, A Izioka‐Kuramae, AF Zuur, A Smaal, ...",Diversity and Distributions,"27 (11), 2157-2169",12,2021,8173997642800103580,kNdYIx-mwKoC,TRUE
Kough,Andrew,QzwgKJ0AAAAJ,Rapid Genetic Identification of the Blue Crab Callinectes sapidus and Other Callinectes spp. Using Restriction Enzyme Digestion and High Resolution Melt (HRM …,"BB Lee, EJ Schott, DC Behringer, J Bojko, A Kough, LV Plough",Frontiers in Marine Science,"7, 633",11,2020,12050361407445553190,5nxA0vEk-isC,TRUE
Kough,Andrew,QzwgKJ0AAAAJ,"Queen Conch Lobatus gigas population estimates and age structure suggest a potential natural refuge on the Cay Sal Bank, The Bahamas","PM Souza Jr, AS Kough",Aquatic Conservation: Marine and Freshwater Ecosystems,"30 (7), 1276-1290",9,2020,15754905615247144315,0EnyYjriUFMC,TRUE
Kough,Andrew,QzwgKJ0AAAAJ,"Relationships between queen conch larval biology and recruitment, connectivity, and fishery management","AW Stoner, M Davis, AS Kough",Reviews in Fisheries Science & Aquaculture,"31 (4), 535-597",8,2023,656953310871471377,4TOpqqG69KYC,TRUE
Kough,Andrew,QzwgKJ0AAAAJ,Anthropause shows differential influence of tourism and a no‐take reserve on the abundance and size of two fished species,"AS Kough, BC Gutzler, JG Tuttle, N Palma, LC Knowles, L Waterhouse",Aquatic Conservation: Marine and Freshwater Ecosystems,"32 (10), 1693-1709",8,2022,7389470669708946314,Zph67rFs4hoC,TRUE
Kough,Andrew,QzwgKJ0AAAAJ,Cross-Hemispheric Genetic Diversity and Spatial Genetic Structure of Callinectes sapidus Reovirus 1 (CsRV1),"M Zhao, LV Plough, DC Behringer, J Bojko, AS Kough, NW Alper, L Xu, ...",Viruses,"15 (2), 563",7,2023,17381475582046267910,_kc_bZDykSQC,TRUE
Kough,Andrew,QzwgKJ0AAAAJ,The spatial context of “winning” in MPA network design: Location matters,"AS Kough, CB Paris, MJ Butler IV",Conservation,11 (3),7,2018,1076956329644917358,WF5omc3nYNoC,TRUE
Kough,Andrew,QzwgKJ0AAAAJ,Empirical support of predicted larval connectivity patterns demand conservation action for queen conch (Aliger gigas) in The Bahamas,AS Kough,Conservation Science and Practice,"6 (7), e13162",3,2024,6279511975391978241,M3ejUd6NZC8C,TRUE
Kough,Andrew,QzwgKJ0AAAAJ,"Piscine predation rates vary relative to habitat, but not protected status, in an island chain with an established marine reserve","AS Kough, CA Belak",Frontiers in Marine Science,"9, 921463",3,2022,8249290550568596873,ULOm3_A8WrAC,TRUE
Kough,Andrew,QzwgKJ0AAAAJ,Estimating spatial patchiness of a threatened marine snail based on movement behavior,"AS Kough, BC Gutzler, LE Skipper III",Conservation Biology,"40 (3), e70203",0,2026,NA,9ZlFYXVOiuMC,TRUE
Murchie,Karen,Sch8OYsAAAAJ,People need freshwater biodiversity,"AJ Lynch, SJ Cooke, AH Arthington, C Baigun, L Bossenbroek, C Dickens, ...",Wiley Interdisciplinary Reviews: Water,"10 (3), e1633",306,2023,1486352466183060335,GnPB-g6toBAC,TRUE
Murchie,Karen,Sch8OYsAAAAJ,Conducting and interpreting fish telemetry studies: considerations for researchers and resource managers,"JW Brownscombe, EJI Lédée, GD Raby, DP Struthers, LFG Gutowsky, ...",Reviews in Fish Biology and Fisheries,"29 (2), 369-400",220,2019,17636283449921430602,qUcmZB5y_30C,TRUE
Murchie,Karen,Sch8OYsAAAAJ,Inland fish and fisheries integral to achieving the Sustainable Development Goals,"AJ Lynch, V Elliott, SC Phang, JE Claussen, I Harrison, KJ Murchie, ...",Nature Sustainability,"3 (8), 579-587",168,2020,562967744522373639,4JMBOYKVnBMC,TRUE
Murchie,Karen,Sch8OYsAAAAJ,"One hundred pressing questions on the future of global fish migration science, conservation, and policy","RJ Lennox, CP Paukert, K Aarestrup, M Auger-Méthé, L Baumgartner, ...",Frontiers in Ecology and Evolution,"7, 286",152,2019,"8971660493209611463,722847543989054553",-f6ydRqryjwC,TRUE
Murchie,Karen,Sch8OYsAAAAJ,Fundamentals of graphic design—essential tools for effective visual science communication,"KJ Murchie, D Diomede",Facets,"5 (1), 409-422",73,2020,6260406616339397099,iH-uZ7U-co4C,TRUE
Murchie,Karen,Sch8OYsAAAAJ,Trophic niche dynamics of three nearshore benthic predators in The Bahamas,"ON Shipley, KJ Murchie, MG Frisk, OR O’Shea, MM Winchester, ...",Hydrobiologia,"813 (1), 177-188",45,2018,9827566409674344209,mVmsd5A6BfQC,TRUE
Murchie,Karen,Sch8OYsAAAAJ,People need freshwater biodiversity. WIREs Water 10: e1633,"AJ Lynch, SJ Cooke, AH Arthington, C Baigun, L Bossenbroek, C Dickens, ...",DOI,,37,2023,9497000625863502671,M05iB0D1s5AC,TRUE
Murchie,Karen,Sch8OYsAAAAJ,Fishing for conservation of freshwater tropical fishes in the Anthropocene.,"SC Phang, M Cooperman, AJ Lynch, EA Steel, V Elliott, KJ Murchie, ...",Aquatic Conservation,"29 (7), 1039",35,2019,6132475433816852905,hC7cP41nSMkC,TRUE
Murchie,Karen,Sch8OYsAAAAJ,An energetics–performance framework for wild fishes,"JW Brownscombe, GD Raby, KJ Murchie, AJ Danylchuk, SJ Cooke",Journal of Fish Biology,"101 (1), 4-12",31,2022,4461163611244901692,NMxIlDl6LWMC,TRUE
Murchie,Karen,Sch8OYsAAAAJ,Low lipid and urea effects and inter-tissue comparisons of stable isotope signatures in three nearshore elasmobranchs,"ON Shipley, KJ Murchie, MG Frisk, EJ Brooks, OR O’Shea, M Power",Marine Ecology Progress Series,"579, 233-238",27,2017,"1159956208434862713,14042605829034613022",Wp0gIr-vW9MC,TRUE
Murchie,Karen,Sch8OYsAAAAJ,A future for the inland fish and fisheries hidden within the sustainable development goals,"VL Elliott, AJ Lynch, SC Phang, SJ Cooke, IG Cowx, JE Claussen, ...",Frontiers in Environmental Science,"10, 756045",23,2022,9127921549294476197,hMod-77fHWUC,TRUE
Murchie,Karen,Sch8OYsAAAAJ,Ontogenetic patterns in resource use dynamics of bonefish (Albula vulpes) in the Bahamas,"KJ Murchie, CR Haak, M Power, ON Shipley, AJ Danylchuk, SJ Cooke",Environmental Biology of Fishes,"102 (2), 117-127",21,2019,14047835513703050623,ZeXyd9-uunAC,TRUE
Murchie,Karen,Sch8OYsAAAAJ,For the love of suckers: scientific benefits of engaging volunteers to monitor migrations and advocate for native non-game fishes,"KJ Murchie, ES Childress, PB McIntyre",Environmental Biology of Fishes,"107 (12), 1515-1528",9,2024,13073247060560415605,ns9cj8rnVeAC,TRUE
Murchie,Karen,Sch8OYsAAAAJ,Societal values of inland fishes,"AJ Lynch, RI Arthur, C Baigun, JE Claussen, K Kangur, AA Koning, ...",,,8,2022,1241403070945099913,blknAaTinKkC,TRUE
Murchie,Karen,Sch8OYsAAAAJ,A conceptual framework and methods for studying the connectivity of fishes,"JN Bergman, JA Robichaud, J McCutcheon, MT Booth, B Campbell, ...",Fish and Fisheries,"27 (2), 342-369",6,2026,14666148569319495054,vV6vV6tmYwMC,TRUE
Murchie,Karen,Sch8OYsAAAAJ,The untapped potential of CMS for migratory freshwater fishes,"F He, Z Hogan, SC Jähnig, ZA Bess, M Böhm, P Griffith, D Gundermann, ...",Nature Reviews Biodiversity,"2 (1), 4-6",4,2026,8837805674314305923,lSLTfruPkqcC,TRUE
Murchie,Karen,Sch8OYsAAAAJ,How most influential ecological and geomorphologic river concepts shaped modern aquatic ecology and restoration,"V Ouellet, KJ Murchie, J Kocik, GR Pess, T Beechie, R Saunders, B Cluer, ...",,,0,2026,NA,2P1L_qKh6hAC,TRUE
Murchie,Karen,Sch8OYsAAAAJ,Angling for Ideas in Science Communication to Hosting a Photo‐essay Workshop for Teens: Implementing the Winning Idea from Wiley Publishing's First Impact‐a‐thon,"J DeFilippi Simpson, SM Glaser, KJ Murchie, PD Shirey",Fisheries,"46 (12), 617-628",0,2021,NA,M3NEmzRMIkIC,TRUE
Kessel,Steve,9rEgdxQAAAAJ,Widespread diversity deficits of coral reef sharks and rays,"CA Simpfendorfer, MR Heithaus, MR Heupel, MA MacNeil, M Meekan, ...",Science,"380 (6650), 1155-1160",110,2023,8783633367087361598,N5tVd3kTz84C,TRUE
Kessel,Steve,9rEgdxQAAAAJ,Biotelemetry informing management: case studies exploring successful integration of biotelemetry data into fisheries and habitat management,"JL Brooks, JM Chapman, AN Barkley, ST Kessel, NE Hussey, SG Hinch, ...",Canadian Journal of Fisheries and Aquatic Sciences,"76 (7), 1238-1252",99,2019,9011011774832320927,YOwf2qJgpHMC,TRUE
Kessel,Steve,9rEgdxQAAAAJ,Abundance and species diversity hotspots of tracked marine predators across the North American Arctic,"DJ Yurkowski, M Auger‐Méthé, ML Mallory, SNP Wong, G Gilchrist, ...",Diversity and Distributions,"25 (3), 328-345",84,2019,15622591705313104353,JV2RwH3_ST0C,TRUE
Kessel,Steve,9rEgdxQAAAAJ,Conservation of reef manta rays (Manta alfredi) in a UNESCO World Heritage Site: Large-scale island development or sustainable tourism?,"ST Kessel, NA Elamin, DJ Yurkowski, T Chekchak, RP Walter, R Klaus, ...",PloS one,"12 (10), e0185419",59,2017,10119562095588602222,4TOpqqG69KYC,TRUE
Kessel,Steve,9rEgdxQAAAAJ,Anthropogenic pressures on reef-associated sharks in jurisdictions with and without directed shark fishing,"GM Clementi, EA Babcock, J Valentin-Albanese, ME Bond, KI Flowers, ...",Marine Ecology Progress Series,"661, 175-186",47,2021,289380064947886648,dfsIfKJdRG4C,TRUE
Kessel,Steve,9rEgdxQAAAAJ,"Circumpolar genetic population structure of polar cod, Boreogadus saida","RJ Nelson, C Bouchard, L Fortier, AR Majewski, JD Reist, K Præbel, ...",Polar Biology,"43 (8), 951-961",40,2020,14915548976724079074,ldfaerwXgEUC,TRUE
Kessel,Steve,9rEgdxQAAAAJ,A novel framework to protect animal data in a world of ecosurveillance,"RJ Lennox, R Harcourt, JR Bennett, A Davies, AT Ford, RM Frey, ...",BioScience,"70 (6), 468-476",40,2020,15970484057180175382,2P1L_qKh6hAC,TRUE
Kessel,Steve,9rEgdxQAAAAJ,Broad feeding niches of capelin and sand lance may overlap those of polar cod and other native fish in the eastern Canadian Arctic,"S Pedro, AT Fisk, SH Ferguson, NE Hussey, ST Kessel, MA McKinney",Polar Biology,"43 (11), 1707-1724",39,2020,11594641048202410251,pqnbT2bcN3wC,TRUE
Kessel,Steve,9rEgdxQAAAAJ,"Globally coordinated acoustic aquatic animal tracking reveals unexpected, ecologically important movements across oceans, lakes and rivers","RJ Lennox, FG Whoriskey, P Verhelst, CS Vandergoot, M Soria, ...",Ecography,"2024 (1), e06801",34,2024,14014600858432517829,Fu2w8maKXqMC,TRUE
Kessel,Steve,9rEgdxQAAAAJ,Directed conservation of the world’s reef sharks and rays,"JS Goetze, MR Heithaus, MA MacNeil, E Harvey, CA Simpfendorfer, ...",Nature Ecology & Evolution,"8 (6), 1118-1128",32,2024,11796284898486672338,yB1At4FlUx8C,TRUE
Kessel,Steve,9rEgdxQAAAAJ,"Limited effects of changing prey fish communities on food quality for aquatic predators in the eastern Canadian Arctic in terms of essential fatty acids, methylmercury and selenium","S Pedro, AT Fisk, SH Ferguson, NE Hussey, ST Kessel, MA McKinney",Chemosphere,"214, 855-865",28,2019,8693397046983367267,iH-uZ7U-co4C,TRUE
Kessel,Steve,9rEgdxQAAAAJ,Population genomic response to geographic gradients by widespread and endemic fishes of the Arabian Peninsula,"JD DiBattista, P Saenz‐Agudelo, MJ Piatek, EF Cagua, BW Bowen, ...",Ecology and Evolution,"10 (10), 4314-4330",25,2020,15863747374038331198,70eg2SAEIzsC,TRUE
Kessel,Steve,9rEgdxQAAAAJ,"Home sweet home: spatiotemporal distribution and site fidelity of the reef manta ray (Mobula alfredi) in Dungonab Bay, Sudan","AM Knochel, NE Hussey, ST Kessel, CD Braun, JEM Cochran, G Hill, ...",Movement Ecology,"10 (1), 22",21,2022,9236289938672300261,8AbLer7MMksC,TRUE
Kessel,Steve,9rEgdxQAAAAJ,Acoustic telemetry,"MR Heupel, ST Kessel, JK Matley, CA Simpfendorfer",CRC Press,,21,2018,6804173310786302368,J_g5lzvAfSwC,TRUE
Kessel,Steve,9rEgdxQAAAAJ,"Multi-year acoustic tracking reveals transient movements, recurring hotspots, and apparent seasonality in the coastal-offshore presence of Greenland sharks (Somniosus …","JE Edwards, KJ Hedges, ST Kessel, NE Hussey",Frontiers in Marine Science,"9, 902854",20,2022,3270334679568196680,wbdj-CoPYUoC,TRUE
Kessel,Steve,9rEgdxQAAAAJ,Transcoelomic expulsion of an ingested foreign object by a carcharhinid shark,"ST Kessel, J Fraser, WG Van Bonn, JL Brooks, TL Guttridge, NE Hussey, ...",Marine and Freshwater Research,"68 (11), 2173-2177",17,2017,8332503706782583005,KlAtU1dfN6UC,TRUE
Kessel,Steve,9rEgdxQAAAAJ,"Thirty‐five years of tiger shark Galeocerdo cuvier relative abundance near Bimini, The Bahamas, and the Southeastern United States with a comparison across …","MJ Smukall, J Carlson, ST Kessel, TL Guttridge, F Dhellemmes, AC Seitz, ...",Journal of Fish Biology,"101 (1), 13-25",15,2022,2953019526235069603,sSrBHYA8nusC,TRUE
Kessel,Steve,9rEgdxQAAAAJ,Estimated life-history traits and movements of the Caribbean reef shark (Carcharhinus perezi) in The Bahamas based on tag-recapture data,"BS Talwar, D Bradley, C Berry, ME Bond, IA Bouyoucos, AML Brooks, ...",Marine Biology,"169 (5), 55",15,2022,17405829298616950341,4fKUyHm3Qg0C,TRUE
Kessel,Steve,9rEgdxQAAAAJ,"No apparent negative tagging effects after 13 years at liberty for lemon shark, Negaprion brevirostris implanted with acoustic transmitter","MJ Smukall, ST Kessel, BR Franks, KA Feldheim, TL Guttridge, SH Gruber",Journal of fish biology,"94 (1), 173-177",14,2019,1670614485366025178,k_IJM867U9cC,TRUE
Kessel,Steve,9rEgdxQAAAAJ,Global trends in aquatic animal satellite telemetry studies,"JA Robichaud, AL Haley, L LaRochelle, JD Russo, J Zhang, ...",Environmental Reviews,"33, 1-19",7,2025,14857460812301506826,0izLItjtcgwC,TRUE
Kessel,Steve,9rEgdxQAAAAJ,Habitat‐specific impacts of climate change on the trophic demand of a marine predator,"SM Luongo, EVC Schneider, AR Harborne, ST Kessel, YP Papastamatiou",Ecology,"105 (2), e4222",4,2024,15290308633326800188,kzcrU_BdoSEC,TRUE
Kessel,Steve,9rEgdxQAAAAJ,Size class segregation of Arctic cod (Boreogadus saida) in a shallow High Arctic embayment,"ST Kessel, RE Crawford, NE Hussey, SV Ivanova, JP Holden, AT Fisk",Arctic Science,"7 (1), 208-216",4,2020,10766880218135618126,SeFeTyx0c_EC,TRUE
Kessel,Steve,9rEgdxQAAAAJ,Crossing the Gulf Stream: Movements of Adult Lemon Sharks (Negaprion brevirostris) Between the Southeastern Florida and Western Bahamas Shelves,"J Reuder, S Kessel, J Brunnschweiler, D Kerstetter",Caribbean Journal of Science,"56 (2), 404-415",0,2026,NA,QYdC8u9Cj1oC,TRUE
Kessel,Steve,9rEgdxQAAAAJ,Global distribution of aquatic animal telemetry effort reveals geographic biases and opportunities for more inclusive tracking studies,"ST Kessel, M Auger‐Méthé, AP Barbosa Martins, SJ Cooke, AT Fisk, ...","Conservation Science and Practice, e",e70314,0,2026,NA,9c2xU6iGI7YC,TRUE
Cunning,Ross,64k3A4EAAAAJ,Increasing comparability among coral bleaching experiments,"AG Grottoli, RJ Toonen, R van Woesik, R Vega Thurber, ME Warner, ...",Ecological applications,"31 (4), e02262",200,2021,581375150013889163,Ri6SYOTghG4C,TRUE
Cunning,Ross,64k3A4EAAAAJ,Comparative analysis of the Pocillopora damicornis genome highlights role of immune system in coral evolution,"R Cunning, RA Bay, P Gillette, AC Baker, N Traylor-Knowles",Scientific reports,"8 (1), 16134",167,2018,13784852917343521710,Ug5p-4gJ2f0C,TRUE
Cunning,Ross,64k3A4EAAAAJ,Dynamic symbioses reveal pathways to coral survival through prolonged heatwaves,"DC Claar, S Starko, KL Tietjen, HE Epstein, R Cunning, KM Cobb, ...",Nature communications,"11 (1), 6097",165,2020,14640114000127548959,kh2fBNsKQNwC,TRUE
Cunning,Ross,64k3A4EAAAAJ,Building consensus around the assessment and interpretation of Symbiodiniaceae diversity,"SW Davies, MH Gamache, LI Howe-Kerr, NG Kriefall, AC Baker, ...",PeerJ,"11, e15023",121,2023,8087103439720982901,HtEfBTGE9r8C,TRUE
Cunning,Ross,64k3A4EAAAAJ,Thermotolerant coral symbionts modulate heat stress‐responsive genes in their hosts,"R Cunning, AC Baker",Molecular Ecology,"29 (15), 2940-2950",110,2020,9439508292749779939,PVjk1bu6vJQC,TRUE
Cunning,Ross,64k3A4EAAAAJ,Extensive coral mortality and critical habitat loss following dredging and their association with remotely-sensed sediment plumes,"R Cunning, RN Silverstein, BB Barnes, AC Baker",Marine Pollution Bulletin,"145, 185-199",105,2019,1657810095139477508,0N-VGjzr574C,TRUE
Cunning,Ross,64k3A4EAAAAJ,Cophylogeny and specificity between cryptic coral species (Pocillopora spp.) at Mo′orea and their symbionts (Symbiodiniaceae),"EC Johnston, R Cunning, SC Burgess",Molecular Ecology,"31 (20), 5368-5385",68,2022,4898071841941411225,8d8msizDQcsC,TRUE
Cunning,Ross,64k3A4EAAAAJ,Marine heatwaves threaten cryptic coral diversity and erode associations among coevolving partners,"S Starko, JE Fifer, DC Claar, SW Davies, R Cunning, AC Baker, JK Baum",Science advances,"9 (32), eadf0954",65,2023,12028129037100506789,XvxMoLDsR5gC,TRUE
Cunning,Ross,64k3A4EAAAAJ,Competition and succession among coral endosymbionts,"SE McIlroy, R Cunning, AC Baker, MA Coffroth",Ecology and Evolution,,49,2019,10016104972035806641,FPJr55Dyh1AC,TRUE
Cunning,Ross,64k3A4EAAAAJ,Temperature‐mediated acquisition of rare heterologous symbionts promotes survival of coral larvae under ocean warming,"SB Matsuda, LJ Chakravarti, R Cunning, AS Huffmyer, CE Nelson, ...",Global Change Biology,"28 (6), 2006-2025",40,2022,10008312897916047121,_FM0Bhl9EiAC,TRUE
Cunning,Ross,64k3A4EAAAAJ,Symbiont shuffling induces differential DNA methylation responses to thermal stress in the coral Montastraea cavernosa,"JA Rodriguez‐Casariego, R Cunning, AC Baker, JM Eirin‐Lopez",Molecular Ecology,,40,2021,17507621584680557651,4fGpz3EwCPoC,TRUE
Cunning,Ross,64k3A4EAAAAJ,The role of background algal symbionts as drivers of shuffling to thermotolerant Symbiodiniaceae following bleaching in three Caribbean coral species,"D Buzzoni, R Cunning, AC Baker",Coral reefs,"42 (6), 1285-1295",30,2023,453609248851071711,OTTXONDVkokC,TRUE
Cunning,Ross,64k3A4EAAAAJ,Heat stress and bleaching in corals: a bioenergetic model,"F Pfab, AR Detmer, HV Moeller, RM Nisbet, HM Putnam, R Cunning",Coral Reefs,"43 (6), 1627-1645",28,2024,8842952438471070931,mNrWkgRL2YcC,TRUE
Cunning,Ross,64k3A4EAAAAJ,From polyps to pixels: understanding coral reef resilience to local and global change across scales,"MK Donovan, C Alves, J Burns, C Drury, OW Meier, R Ritson-Williams, ...",Landscape Ecology,"38 (3), 737-752",25,2023,7814092102756672675,a9-T7VOCCH8C,TRUE
Cunning,Ross,64k3A4EAAAAJ,"Hawaiian coral holobionts reveal algal and prokaryotic host specificity, intraspecific variability in bleaching resistance, and common interspecific microbial consortia …","L Nunez-Pons, R Cunning, CE Nelson, AS Amend, EM Sogin, R Gates, ...",Science of the Total Environment,"889, 164040",20,2023,2594964181697808905,_5tno0g5mFcC,TRUE
Cunning,Ross,64k3A4EAAAAJ,On the use of rapid acute heat tolerance assays to resolve ecologically relevant differences among corals,"R Cunning, SB Matsuda, E Bartels, M D’Alessandro, AR Detmer, ...",Coral Reefs,"43 (6), 1793-1801",19,2024,18023295698204508088,4vMrXwiscB8C,TRUE
Cunning,Ross,64k3A4EAAAAJ,Symbiont-mediated tradeoffs between growth and heat tolerance are modulated by light and temperature in the coral Montipora capitata,"SB Matsuda, ML Opalek, R Ritson-Williams, RD Gates, R Cunning",Coral Reefs,"42 (6), 1385-1394",16,2023,8927721398290813591,IUKN3-7HHlwC,TRUE
Cunning,Ross,64k3A4EAAAAJ,Fertilization by coral-dwelling fish promotes coral growth but can exacerbate bleaching response,"AR Detmer, R Cunning, F Pfab, AL Brown, AC Stier, RM Nisbet, ...",Journal of Theoretical Biology,"541, 111087",16,2022,12791555028138899462,LO7wyVUgiFcC,TRUE
Cunning,Ross,64k3A4EAAAAJ,Measuring multi-year changes in the Symbiodiniaceae algae in Caribbean corals on coral-depleted reefs,"R Cunning, EA Lenz, PJ Edmunds",PeerJ,"12, e17358",14,2024,1882047868648368134,dBIO0h50nwkC,TRUE
Cunning,Ross,64k3A4EAAAAJ,Will coral reefs survive by adaptive bleaching?,R Cunning,Emerging topics in life sciences,"6 (1), 11-15",13,2021,8564013020720654969,GtLg2Ama23sC,TRUE
Cunning,Ross,64k3A4EAAAAJ,Analysis of a mechanistic model of corals in association with multiple symbionts: within-host competition and recovery from bleaching,"AL Brown, F Pfab, EC Baxter, AR Detmer, HV Moeller, RM Nisbet, ...",Conservation Physiology,"10 (1), coac066",12,2022,8130821264699384688,4hFrxpcac9AC,TRUE
Cunning,Ross,64k3A4EAAAAJ,"Heat-tolerant algal symbionts may prevent extirpation of the threatened elkhorn coral, Acropora palmata, in Florida during intensifying marine heatwaves","RF Karp, F Lepiz-Conejo, SB Matsuda, B Corbett, AD Wen, JD Unsworth, ...",Coral reefs,"44 (3), 953-965",11,2025,1730536532283734213,yFnVuubrUp4C,TRUE
Cunning,Ross,64k3A4EAAAAJ,"Timescale separation and models of symbiosis: state space reduction, multiple attractors and initialization","F Pfab, AL Brown, AR Detmer, EC Baxter, HV Moeller, R Cunning, ...",Conservation Physiology,"10 (1), coac026",10,2022,11979981704252889703,anf4URPfarAC,TRUE
Cunning,Ross,64k3A4EAAAAJ,Marine heatwaves transform coral symbioses with enduring effects,"A Van Nynatten, R Cunning, KL Tietjen, JK Baum",Ecology Letters,"28 (11), e70263",7,2025,8323027522506494054,LhH-TYMQEocC,TRUE
Cunning,Ross,64k3A4EAAAAJ,Genome assembly and annotation of Acropora pulchra from Mo’orea French Polynesia,"T Conn, J Ashey, R Cunning, HM Putnam",GigaByte,"2025, gigabyte153-0",6,2025,50475570331734632,bKqednn6t2AC,TRUE
Cunning,Ross,64k3A4EAAAAJ,"Acropora cervicornis Data Coordination Hub, an open access database for evaluating genet performance","PM Kiel, N Formel, M Jankulak, AC Baker, R Cunning, DS Gilliam, ...",Bulletin of marine science,"99 (2), 119-136",4,2023,14294235059866267337,6ZxmRoH8BuwC,TRUE
Cunning,Ross,64k3A4EAAAAJ,Persistent Legacy Effects of Marine Heatwaves on Coral Symbioses,"D Buzzoni, A Van Nynatten, R Cunning, JK Baum",Global Change Biology,"32 (3), e70818",1,2026,8016470892223210318,tH6gc1N1XXoC,TRUE
Cunning,Ross,64k3A4EAAAAJ,A model for heat and light stress in photosynthesis,"F Pfab, R Cunning, AR Detmer, CF Frederica, LJ Irving, HV Moeller, ...",Ecological Modelling,"519, 111631",0,2026,NA,vDZJ-YLwNdEC,TRUE
Cunning,Ross,64k3A4EAAAAJ,Retrospective Review of Dexmedetomidinebutorphanol-Midazolam or Medetomidinebutorphanol-Midazolam for Anesthesia of Sea Otters (enhydra Lutris) Under Professional Care,"ZC Ready, L Adams, K Herrick, R Cunning, J Russell, T Schmitt, ...",Journal of Zoo and Wildlife Medicine,"56 (3), 497-506",0,2025,NA,fFSKOagxvKUC,TRUE
Casper,Andy,VZfzecEAAAAJ,Does aquatic invasive species removal benefit native fish? The response of gizzard shad (Dorosoma cepedianum) to commercial harvest of bighead carp (Hypophthalmichthys nobilis …,"SA Love, NJ Lederman, RL Anderson, JA DeBoer, AF Casper",Hydrobiologia,"817 (1), 403-412",54,2018,16798261556035015775,KS-xo-ZNxMsC,TRUE
Casper,Andy,VZfzecEAAAAJ,"First records of the fishhook waterflea Cercopagis pengoi Ostroumov, 1891 in the Mississippi River Basin, Illinois Waterway, USA","KA Maxson, AL Whitten, BS Harris, A Happel, SE Butler, JJ Parkos III, ...",BioInvasions Records,"12 (4), 1079-1087",3,2023,7819868620537920774,DQNrXyjhriIC,TRUE
Casper,Andy,VZfzecEAAAAJ,Evaluating the potential responses of native fish and mussels to proposed separation of Lake Michigan from the Illinois River Waterway at Brandon Road Lock and Dam,"ME Altenritter, AF Casper",INHS Technical Report,"29 (http://hdl.handle.net/2142/101445), pp. 48",2,2018,5458683600913941936,rCNdntzdTkkC,TRUE
Happel,Austin,KxsD8eYAAAAJ,Diet complexity of Lake Michigan salmonines: 2015–2016,"BS Leonhardt, A Happel, H Bootsma, CR Bronte, S Czesny, Z Feiner, ...",Journal of Great Lakes Research,"46 (4), 1044-1057",49,2020,16356185453753188914,KlAtU1dfN6UC,TRUE
Happel,Austin,KxsD8eYAAAAJ,At-sea feeding ecology of parasitic lampreys,"BR Quintella, BJ Clemens, TM Sutton, MJ Lança, CP Madenjian, ...",Journal of Great Lakes Research,"47, S72-S89",47,2021,5744458932622508886,HDshCWvjkbEC,TRUE
Happel,Austin,KxsD8eYAAAAJ,Application of floating wetlands for the improvement of degraded urban waters: Findings from three multi-year pilot-scale installations,"MN Rome, A Happel, C Dahlenburg, P Nicodemus, E Schott, S Mueller, ...",Science of the Total Environment,"877, 162669",30,2023,8454516751748016320,j3f4tGmQtD8C,TRUE
Happel,Austin,KxsD8eYAAAAJ,A volunteer-populated online database provides evidence for a geographic pattern in symptoms of black spot infections,A Happel,International Journal for Parasitology: Parasites and Wildlife,"10, 156-163",30,2019,12013044590583391604,Se3iqnhoufwC,TRUE
Happel,Austin,KxsD8eYAAAAJ,Chicago’s fish assemblage over~ 30 years–more fish and more native species,"A Happel, D Gallagher",Urban Ecosystems,"24 (2), 311-325",24,2021,10363098035138760557,Zph67rFs4hoC,TRUE
Happel,Austin,KxsD8eYAAAAJ,Decreases in wastewater pollutants increased fish diversity of Chicago's waterways,"A Happel, D Gallagher",Science of the Total Environment,"824, 153776",21,2022,4345005474136924820,e5wmG9Sq2KIC,TRUE
Happel,Austin,KxsD8eYAAAAJ,Fatty acids differentiate consumers despite variation within prey fatty acid profiles,"A Happel, C Maier, N Farese, S Czesny, J Rinchard",Freshwater Biology,"64 (8), 1416-1426",18,2019,11145678371155081818,roLk4NBRz8UC,TRUE
Happel,Austin,KxsD8eYAAAAJ,Testing food web theory in a large lake: The role of body size in habitat coupling in Lake Michigan,"BM Maitland, HA Bootsma, CR Bronte, DB Bunnell, ZS Feiner, KH Fenske, ...",Ecology,"105 (10), e4413",15,2024,1632035155733156776,TFP_iSt0sucC,TRUE
Happel,Austin,KxsD8eYAAAAJ,Fatty acid profiles of lake trout reveal the importance of lipid content for interpreting trophic relationships within and across lakes,"A Happel, CP Stafford, J Rinchard, S Czesny",Journal of Great Lakes Research,"46 (1), 188-197",10,2020,6098089549842743463,hqOjcs7Dif8C,TRUE
Happel,Austin,KxsD8eYAAAAJ,Increasing fish diversity of Chicago's waterways,A Happel,Knowledge & Management of Aquatic Ecosystems,6,9,2022,18221778316577787307,R3hNpaxXUhUC,TRUE
Happel,Austin,KxsD8eYAAAAJ,Natural shorelines support greater diversity and abundances of fishes than armoured shores along Chicago's waterways,"A Happel, N Lederman, C Snyder",Aquatic Conservation: Marine and Freshwater Ecosystems,"34 (5), e4158",7,2024,6346752560623245313,bEWYMUwI8FkC,TRUE
Happel,Austin,KxsD8eYAAAAJ,Combined sewer overflows alter zooplankton communities in an urban river,"A Happel, E Rukstales",Knowledge & Management of Aquatic Ecosystems,12,4,2025,7789077334808375182,isC4tDSrTZIC,TRUE
Happel,Austin,KxsD8eYAAAAJ,"First records of the fishhook waterflea Cercopagis pengoi Ostroumov, 1891 in the Mississippi River Basin, Illinois Waterway, USA.","KA Maxson, AL Whitten, BS Harris, A Happel, SE Butler, JJ Parkos III, ...",BioInvasions Record,"12 (4), 1079",3,2023,7819868620537920774,iH-uZ7U-co4C,TRUE
Happel,Austin,KxsD8eYAAAAJ,Increased fishing quality of Chicago's waterways following the Clean Water Act,"A Happel, PJ Kennedy",Fisheries Management and Ecology,"30 (5), 464-482",1,2023,10436042180528313322,r0BpntZqJG4C,TRUE
Happel,Austin,KxsD8eYAAAAJ,An empirical test of fatty acid based diet estimation models,"A Happel, J Pike, S Czesny, J Rinchard",Food Webs,"28, e00197",1,2021,674445246107446213,mB3voiENLucC,TRUE
Happel,Austin,KxsD8eYAAAAJ,Microplastics in fish relative to point-source proximity and trophic level in an urban river,"E Kazmierczak, A Happel, TJ Hoellein",Freshwater Science,"45 (1), 50-63",0,2026,NA,maZDTaKrznsC,TRUE
Happel,Austin,KxsD8eYAAAAJ,Larval fish community of the urbanized Chicago River,A Happel,Journal of Great Lakes Research,102662,0,2025,NA,k_IJM867U9cC,TRUE
Happel,Austin,KxsD8eYAAAAJ,Diet Complexity of Lake Michigan Salmonids,"B Leonhardt, B Turschak, A Happel, S Czesny, H Boostma, J Rinchard, ...",Midwest Fish and Wildlife Conference,2019,0,2019,NA,MXK_kJrjxJIC,TRUE
Waterhouse,Lynn,Tmf2DzoAAAAJ,Recovery of critically endangered Nassau grouper (Epinephelus striatus) in the Cayman Islands following targeted conservation actions,"L Waterhouse, SA Heppell, CV Pattengill-Semmens, C McCoy, P Bush, ...",Proceedings of the National Academy of Sciences,"117 (3), 1587-1595",77,2020,9172890679126586267,ipzZ9siozwsC,TRUE
Waterhouse,Lynn,Tmf2DzoAAAAJ,Machine learning analysis reveals relationship between pomacentrid calls and environmental cues,"JE Munger, DP Herrera, SM Haver, L Waterhouse, MF McKenna, ...",Marine Ecology Progress Series,"681, 197-210",33,2022,2236433825371876732,vDijr-p_gm4C,TRUE
Waterhouse,Lynn,Tmf2DzoAAAAJ,Pulse recruitment and recovery of Cayman Islands Nassau Grouper (Epinephelus striatus) spawning aggregations revealed by in situ length-frequency data,"BC Stock, SA Heppell, L Waterhouse, IC Dove, CV Pattengill-Semmens, ...",ICES Journal of Marine Science,"78 (1), 277-292",24,2021,13367758847439952175,zLWjf1WUPmwC,TRUE
Waterhouse,Lynn,Tmf2DzoAAAAJ,A Bayesian nested patch occupancy model to estimate steelhead movement and abundance,"L Waterhouse, J White, K See, A Murdoch, BX Semmens",Ecological Applications,"30 (8), e02202",17,2020,11591885742266054407,EkHepimYqZsC,TRUE
Waterhouse,Lynn,Tmf2DzoAAAAJ,Updated Growth Models for Bigeye Tuna (Thunnus obesus) in the Atlantic Ocean,"L Waterhouse, L Ailloud, R Austin, WJ Golet, A Pacicco, AH Andrews, ...",Fisheries Research,253,6,2022,6118288449455392006,epqYDVWIO7EC,TRUE
Inoue,Kentaro,bJfaIC0AAAAJ,"Integrative taxonomy reveals a new species of freshwater mussel, Potamilus streckersoni sp. nov. (Bivalvia: Unionidae): implications for conservation and …","CH Smith, NA Johnson, K Inoue, RD Doyle, CR Randklev",Systematics and Biodiversity,"17 (4), 331-348",58,2019,9901549477510860639,KlAtU1dfN6UC,TRUE
Inoue,Kentaro,bJfaIC0AAAAJ,A comprehensive approach uncovers hidden diversity in freshwater mussels (Bivalvia: Unionidae) with the description of a novel species,"K Inoue, JL Harris, CR Robertson, NA Johnson, CR Randklev",Cladistics,"36 (1), 88-113",45,2020,10614256447508655958,3fE2CSJIrl8C,TRUE
Inoue,Kentaro,bJfaIC0AAAAJ,"A new species of freshwater mussel in the genus Popenaias Frierson, 1927, from the Gulf coastal rivers of central Mexico (Bivalvia: Unionida: Unionidae) with comments on the genus","K Inoue, KS Cummings, JS Tiemann, TD Miller, NA Johnson, CH Smith, ...",Zootaxa,"4816 (4), 457-490",15,2020,9266800896448560568,_kc_bZDykSQC,TRUE
Inoue,Kentaro,bJfaIC0AAAAJ,"Use of species delimitation approaches to assess biodiversity in freshwater planaria (Platyhelminthes, Tricladida) from desert springs","K Inoue, AL Pohl, M Sei, BK Lang, DJ Berg",Aquatic Conservation: Marine and Freshwater Ecosystems,"30 (2), 209-218",14,2020,2373538043881148873,ULOm3_A8WrAC,TRUE
Inoue,Kentaro,bJfaIC0AAAAJ,Mussels propagated from a single broodstock female retain most population-level genetic variation but have altered genetic structure,"K Inoue, JM Snow, KM Schoenecker, J DeMartini",Freshwater Mollusk Biology and Conservation,"26 (2), 69-77",7,2023,10466832214780664572,QIV2ME_5wuYC,TRUE
Inoue,Kentaro,bJfaIC0AAAAJ,"New microsatellite markers for Ellipse, Venustaconcha ellipsiformis (Bivalvia: Unionidae), with notes on optimal sample size and cross-species amplification","K Inoue, BE Sietman, SE McMurray, JS Faiman, DT Zanatta",Molecular biology reports,"48 (3), 3037-3045",3,2021,13455711211088821718,Wp0gIr-vW9MC,TRUE
Inoue,Kentaro,bJfaIC0AAAAJ,"New records of freshwater mussels (Unionida, Unionidae and Mycetopodidae) from rivers, lakes, and lagoons in Honduras","DE Martínez, WA Matamoros, CC Lardizabal, KAS Venegas, Y Quintana, ...",Check List,"22 (2), 224-236",2,2026,696658779248523206,ZeXyd9-uunAC,TRUE
Inoue,Kentaro,bJfaIC0AAAAJ,"Patterns of genetic diversity and structure in Pressodonta viridis, Slippershell Mussel, in streams of the U.S. Midwest","GE Sanfilippo, K Inoue, DT Zanatta",Heredity,"134 (12), 680-694",2,2025,11630908016898770561,L8Ckcad2t8MC,TRUE
Youngquist,Melissa,3BR-ipgAAAAJ,Potential impacts of emerald ash borer and adaptation strategies on wildlife communities in black ash wetlands,"A R Grinde, M B Youngquist, R A Slesak, S R Kolbe, J D Bednar, B J Palik, ...","Ecological Applications, e",e2567,24,2022,8757848945035499629,ufrVoPGSRksC,TRUE
Youngquist,Melissa,3BR-ipgAAAAJ,Making the connection: combining habitat suitability and landscape connectivity to understand species distribution in an agricultural landscape,"MB Youngquist, MD Boone",Landscape Ecology,"36 (10), 2795-2809",19,2021,4871601730068569875,W7OEmFMy1HYC,TRUE
Youngquist,Melissa,3BR-ipgAAAAJ,Larval development and survival of pond-breeding anurans in an agricultural landscape impacted more by phytoplankton than surrounding habitat,"MB Youngquist, MD Boone",PloS one,"16 (7), e0255058",12,2021,5600322179003650297,YsMSGLbcyi4C,TRUE
Youngquist,Melissa,3BR-ipgAAAAJ,"Hotspots, Population Turnover and Long‐Term Data: Ecological Insights From a Short‐Lived Frog","RM Lehtinen, KL Krynak, GJ Lipps Jr, JC McCall, MB Youngquist",Ecology and Evolution,"15 (12), e72569",1,2025,319475015865954408,LkGwnXOMwfcC,TRUE
Colborne,Scott,wA--GIEAAAAJ,Identification of predation events in wild fish using novel acoustic transmitters,"AA Weinz, JK Matley, NV Klinard, AT Fisk, SF Colborne",Animal Biotelemetry,"8 (1), 28",63,2020,8232462247076249394,8k81kl-MbHgC,TRUE
Colborne,Scott,wA--GIEAAAAJ,Sequence analysis and acoustic tracking of individual lake sturgeon identify multiple patterns of river–lake habitat use,"SF Colborne, DW Hondorp, CM Holbrook, MR Lowe, JC Boase, JA Chiotti, ...",Ecosphere,"10 (12), e02983",38,2019,746491137593858286,hqOjcs7Dif8C,TRUE
Colborne,Scott,wA--GIEAAAAJ,Performance of acoustic telemetry in relation to submerged aquatic vegetation in a nearshore freshwater habitat,"AA Weinz, JK Matley, NV Klinard, AT Fisk, SF Colborne",Marine and Freshwater Research,"72 (7), 1033-1044",26,2021,2841227865210832435,3fE2CSJIrl8C,TRUE
Colborne,Scott,wA--GIEAAAAJ,Assessing trophic position quantification methods for three piscivorous freshwater fish using stable isotopes and stomach contents,"B Nawrocki, AM McLeod, NE Hussey, SF Colborne, J Del Papa, AT Fisk",Journal of Great Lakes Research,"46 (3), 578-588",22,2020,17949686820256569140,0EnyYjriUFMC,TRUE
Colborne,Scott,wA--GIEAAAAJ,Lake sturgeon (Acipenser fulvescens) annual adult survival estimated from acoustic telemetry,"SF Colborne, TA Hayden, CM Holbrook, DW Hondorp, CC Krueger",Journal of Great Lakes Research,"47 (6), 1814-1823",16,2021,14414660130626887796,_kc_bZDykSQC,TRUE
Colborne,Scott,wA--GIEAAAAJ,"Comparisons among three diet analyses demonstrate multiple patterns in the estimated adult diet of a freshwater piscivore, Salvelinus namaycush","MH Futia, SF Colborne, AT Fisk, D Gorsky, TB Johnson, BF Lantry, ...",Ecological Indicators,"127, 107728",16,2021,1734312982985595891,KlAtU1dfN6UC,TRUE
Colborne,Scott,wA--GIEAAAAJ,Space use of juvenile and subadult yellow perch (Perca flavescens) in the Detroit River using acoustic telemetry: incorporating variable detection ranges in …,"JK Matley, NV Klinard, SM Larocque, AA Weinz, SF Colborne",Canadian Journal of Fisheries and Aquatic Sciences,"79 (1), 63-72",10,2022,13122229751712150020,Zph67rFs4hoC,TRUE
Matsuda,Shayle,WLwHjOIAAAAJ,"Centering transgender and gender non-conforming experience, access, & safety in ecological fieldwork",SB Matsuda,Integrative and Comparative Biology,"63 (1), 86-97",15,2023,14567802559651710417,Zph67rFs4hoC,TRUE
Matsuda,Shayle,WLwHjOIAAAAJ,Short-term stress testing predicts subsequent natural bleaching variation,"C Caruso, MR de Souza, V Kahkejian, JM Davidson, S Matsuda, ...",Coral Reefs,"44 (2), 399-409",13,2025,9386053222347565002,-f6ydRqryjwC,TRUE
Matsuda,Shayle,WLwHjOIAAAAJ,Building a queer- and trans-inclusive microbiology conference,"R Gregor, J Johnston, LSY Coe, N Evans, D Forsythe, R Jones, ...",mSystems,"8 (5), e00433-23",13,2023,12662258913504780051,aqlVkmm33-oC,TRUE
Matsuda,Shayle,WLwHjOIAAAAJ,"Larval thermal conditioning does not improve post-settlement thermal tolerance in the dominant reef-building coral, Montipora capitata","G Alexander, JR Hancock, AS Huffmyer, SB Matsuda",Coral Reefs,"41 (2), 333-342",8,2022,2406697915139502525,0EnyYjriUFMC,TRUE
Matsuda,Shayle,WLwHjOIAAAAJ,Intergenerational metabolomic signatures of bleaching resistance in corals,"TNF Roach, C Drury, C Caruso, JR Hancock, C Martin, K Neugebauer, ...",Nature Communications,"16 (1), 5971",7,2025,8360028952294871034,iH-uZ7U-co4C,TRUE
Matsuda,Shayle,WLwHjOIAAAAJ,Single-polyp metabolomics reveals biochemical structuring of the coral holobiont at multiple scales,"TNF Roach, SB Matsuda, C Martin, G Huckeba, J Huckeba, V Kahkejian, ...",Communications Biology,"6 (1), 984",7,2023,14366261112932028889,M3ejUd6NZC8C,TRUE
Matsuda,Shayle,WLwHjOIAAAAJ,Queer-and trans-inclusive faculty hiring—A call for change,"JL Weissman, CR Chappell, B Francesco Rodrigues de Oliveira, N Evans, ...",PLoS biology,"22 (11), e3002919",6,2024,14277175934257386073,hC7cP41nSMkC,TRUE
Matsuda,Shayle,WLwHjOIAAAAJ,"Light-driven phenotypic plasticity in the depth-generalist coral, Pavona varians","CJ Lewis, SB Matsuda, TL Sale, C Genovese, CS Wolke, N Chan, ...",Plos one,"20 (7), e0326069",3,2025,11045317886050462342,bEWYMUwI8FkC,TRUE
Matsuda,Shayle,WLwHjOIAAAAJ,Running a queer-and trans-inclusive faculty hiring process,"JL Weissman, CR Chappell, BFR de Oliveira, N Evans, AC Fagre, ...",EcoEvoRxiv,,2,2024,12128719867531210157,mVmsd5A6BfQC,TRUE
Matsuda,Shayle,WLwHjOIAAAAJ,Minimally Invasive Coral Biopsy Technique for In-Situ Microbiome and Metabolome Sampling,"JT Berg, C Moreland-Ochoa, R McClintock, S Matsuda, C Drury, C Nelson",,,0,2025,NA,k_IJM867U9cC,TRUE
Matsuda,Shayle,WLwHjOIAAAAJ,Transgenerational metabolomic signatures of bleaching resistance in corals,"R Quinn, T Roach, C Drury, C Caruso, J Hancock, C Martin, ...",,,0,2024,NA,ZeXyd9-uunAC,TRUE
Quintana,Yasmin,h34C5hydhJYC,"Fish fauna of the río San Pedro and río La Pasión, Usumacinta river basin, Guatemala",Y Quintana,Biota Neotropica,"24 (1), e20231481",7,2024,6238787076986669375,-f6ydRqryjwC,TRUE
Quintana,Yasmin,h34C5hydhJYC,Opportunities to better integrate inland fish and fisheries in multilateral environmental agreements,"AJ Lynch, D Bartley, TD Beard Jr, G Borba, SJ Cooke, IG Cowx, V Elliott, ...",Environmental Science & Policy,"171, 104089",6,2025,6190531826078327483,TQgYirikUcIC,TRUE
Quintana,Yasmin,h34C5hydhJYC,What determines trophic niche breadth? A global analysis of freshwater fishes using isospaces,"FW Keppeler, T Giarrizzo, CG Montaña, A Adite, Ş Akın, R Angelini, ...",Reviews in Fish Biology and Fisheries,"36 (1), 13",2,2026,6265667874858691649,mB3voiENLucC,TRUE
Quintana,Yasmin,h34C5hydhJYC,Evidence charts the future of freshwater biodiversity conservation,"PJ Boon, FA Ridley, T Adhya, C Baigún, M Böhm, I Harrison, SC Jähnig, ...",CSIRO Publishing,,0,2026,NA,iH-uZ7U-co4C,TRUE
Quintana,Yasmin,h34C5hydhJYC,"Eight decades later: Dajaus monticola (Actinopterygii: Mugilidae) resurfaces in the lower Choluteca River, Honduras","WA MATAMOROS, KA SOTO-VENEGAS, MM VALLE-HERNÁNDEZ, ...",Zootaxa,"5853 (3), 447-450",0,2026,NA,4JMBOYKVnBMC,TRUE
Quintana,Yasmin,h34C5hydhJYC,Peces de aguas continentales de Guatemala: Una revisión contemporánea,"C Barrientos, D Elias, Y Quintana",Biodiversidad de Guatemala,"3, 260-275",0,2023,NA,qUcmZB5y_30C,TRUE
